name,year,Overall Index,property rights,government integrity,judicial effectiveness,tax burden,government spending,fiscal health,business freedom,labor freedom,monetary freedom,trade freedom,investment freedom,financial freedom,InequalityRate
Austria,2018,71.8,83.5,73.5,80.9,49.9,19.4,81.1,75.5,66.7,83.7,86.9,90,70,4
Belgium,2018,67.5,81.2,70.9,69.5,44,12.1,67.9,80.6,59.5,82.6,86.9,85,70,3.78
Bulgaria,2018,68.3,63.6,38.2,42.5,90.9,60.5,94.3,64.3,66.1,82.8,86.9,70,60,7.66
Croatia,2018,61,65.9,40.5,56.5,66,32.5,67.2,58.9,43,79.1,87.4,75,60,5
Cyprus,2018,67.8,71.2,41.3,56.7,75.2,52.9,79.3,77,55.7,83,86.9,75,60,4.29
Denmark,2018,76.6,84.8,84.1,83.6,41.4,10.6,96.7,92.5,82.8,86.4,86.9,90,80,4.11
Estonia,2018,78.8,80.4,75.7,83.9,80.7,52.6,99.8,75.6,54.8,85.1,86.9,90,80,5.07
Finland,2018,74.1,89,89.8,82.7,66.5,2.3,81.1,89.9,50.5,86,86.9,85,80,3.6
France,2018,63.9,84,65.1,72.7,47.3,2.7,60.8,80.2,45,81.6,81.9,75,70,4.325
Germany,2018,74.2,81,75.3,78,61.3,41.3,90.8,86.1,53.3,86.2,86.9,80,70,5.07
Greece,2018,57.3,52.3,37.9,59,60.4,20.9,70.5,74.4,54.4,81,81.9,55,40,5.51
Iceland,2018,77,86.7,77.3,72.6,72.1,44.2,94.3,89.5,61.8,81.7,88.5,85,70,3.275
Ireland,2018,80.4,87.7,79,79,76.1,69.6,80.8,81.8,76.4,87.4,86.9,90,70,4.6
Italy,2018,62.5,71.2,40.1,60.9,55.2,24.1,68.2,70.3,50.3,88.2,86.9,85,50,6.09
Latvia,2018,73.6,68.3,45.4,58.9,84,59,95.3,80.1,72.5,87.3,86.9,85,60,6.8
Lithuania,2018,75.3,73.8,50.9,66.7,86.4,63.9,96.7,73.4,64.5,89.9,86.9,80,70,7.09
Luxembourg,2018,76.4,82.7,79,77.9,65.1,48.5,99,69.2,46.2,87.6,86.9,95,80,4.675
Malta,2018,68.5,68.1,49.9,62.8,64.7,51,90,64,61.1,78.8,86.9,85,60,4.28
Netherlands,2018,76.2,87.9,86,74.1,52.5,39.1,88.2,80.5,61.5,87.5,86.9,90,80,3.99
Norway,2018,74.3,86.4,93.6,86,56.4,29.2,97.8,90.4,54.6,73.9,87.9,75,60,3.71
Poland,2018,68.5,61.8,50.9,56.6,75.9,47.8,81.5,67.2,63.9,85,86.9,75,70,4.25
Portugal,2018,63.4,69.2,56.8,70.1,59.8,29.8,46,83.2,44.1,85.3,86.9,70,60,5.22
Romania,2018,69.4,61,40,59.7,87.3,66.9,91.1,65.2,66.8,82.8,86.9,75,50,7.2
Slovakia,2018,65.3,68.2,38.2,38.8,78.9,44.3,84.9,63.9,54,81,86.9,75,70,3.625
Slovenia,2018,64.8,76.6,52.1,57.7,58.7,31.2,66.3,79.5,61.3,87.3,86.9,70,50,3.4
Spain,2018,65.1,73.1,51.5,62,62,42.8,36.1,66.3,59,86.7,86.9,85,70,6.03
Sweden,2018,76.3,92.6,92.9,88.2,43.9,23.2,96.1,89.3,53.7,83.8,86.9,85,80,4.13
Switzerland,2018,81.7,84.2,82.8,82.1,70.5,65.4,95.9,75.7,73.9,85.2,90,85,90,4.475
Turkey,2018,65.4,54.7,42,54.5,74.7,68.1,93.6,63.3,47.6,72.3,78.6,75,60,8.55
United Kingdom,2018,78,92.2,79,93.8,65.2,44.4,53.5,91.1,74.4,85.2,86.9,90,80,5.2
Austria,2017,72.3,86,75.2,81.8,50.3,19.3,79.7,76.9,67.6,83.4,87,90,70,4.3
Belgium,2017,67.8,83.3,71.5,69.3,44.1,9.6,66.3,82,61.1,84.9,87,85,70,3.8
Bulgaria,2017,67.9,62.5,41.8,38.9,91,58.4,86.4,66.7,68.3,83.3,87,70,60,8.2
Croatia,2017,59.4,65.5,43.4,56.8,66.8,31.3,44.7,58.2,43.3,80.3,87.4,75,60,5
Cyprus,2017,67.9,75.4,53.6,60.7,73,48.8,72.9,75.8,58.6,83.3,87,75,50,4.6
Denmark,2017,75.1,86.7,84.9,68.5,37.2,5.7,95.4,93.9,85.8,85.5,87,90,80,4.1
Estonia,2017,79.1,82.6,69.9,82.8,81.2,55.8,99.8,77,56.9,85.7,87,90,80,5.4
Finland,2017,74,90.6,90,82.7,66.6,0,77.3,90.2,53.4,85.1,87,85,80,3.5
France,2017,63.3,85,69.7,72.7,47.6,2,57,78,44.1,81.6,82,70,70,4.4
Germany,2017,73.8,82.9,77.7,79.5,61.9,41.4,89.9,86.6,42.8,85.9,87,80,70,4.5
Greece,2017,55,52.5,41.3,56.1,61.1,5.4,58.1,74.3,51,78.2,82,60,40,6.1
Iceland,2017,74.4,85,71.5,71.5,70.9,41.1,90.6,90.2,62.6,81.2,88,80,60,3.3
Ireland,2017,76.7,85.8,78.3,78.3,72.7,57.1,60.3,80.3,73.6,87.6,87,90,70,4.6
Italy,2017,62.5,74.6,44.7,55.4,54.9,22.3,66.9,69.8,52.9,86.9,87,85,50,5.9
Latvia,2017,74.8,72.6,67.3,59.7,84.7,57.4,95,79.8,72,86.5,87,75,60,6.3
Lithuania,2017,75.8,73,69.7,62.4,86.9,64.1,93.6,79.1,63.6,90,87,70,70,7.3
Luxembourg,2017,75.9,85.8,78.3,77,64.5,46,99,68.6,43.8,86.2,87,95,80,5
Malta,2017,67.7,67.7,53.6,62.9,62.8,44.9,85.1,62.5,57.2,83.5,87,85,60,4.2
Netherlands,2017,75.8,87.4,85.7,69.9,53.2,37,83,80.2,70.5,85.8,87,90,80,4
Norway,2017,74,86.7,88.3,83.3,55.6,38.5,98.4,89.5,48.8,75.8,87.7,75,60,3.9
Poland,2017,68.3,60.8,55.5,58,76,46.9,76.1,67.8,61.5,84.7,87,75,70,4.6
Portugal,2017,62.6,73.3,59,68.9,59.8,25.1,32.1,86.4,43.4,85.9,87,70,60,5.7
Romania,2017,69.7,63.9,45.9,58.5,87.4,65.3,90.9,65.9,62.5,83.6,87,75,50,6.5
Slovakia,2017,65.7,69,39.6,38,79.7,47.2,82.9,64.9,54.4,81.1,87,75,70,3.5
Slovenia,2017,59.2,75,53.6,55.1,58.7,28.6,6.1,80.6,60.2,85.3,87,70,50,3.4
Spain,2017,63.6,71.2,57.2,53.9,62.5,41.4,26.9,66.9,55.3,85.5,87,85,70,6.6
Sweden,2017,74.9,88.6,87.4,82.2,44.4,21.7,93.4,90.8,53.2,85.3,87,85,80,4.3
Switzerland,2017,81.5,86.9,80.3,77.6,70.9,67.5,95.8,76.8,72.2,84.4,90,85,90,4.6
Turkey,2017,65.2,61.3,40.7,52.5,75.5,57.7,95.7,64.3,48.5,72.2,79.4,75,60,8.7
United Kingdom,2017,76.4,93.8,78.3,93,65.1,41.9,40.4,89.9,72.8,85,87,90,80,5.4
Austria,2016,71.7,90,72,78,50.7,22.4,82.1,79.4,72.5,81.7,88,90,70,4.1
Belgium,2016,68.4,80,76,66.8,44.2,11,69.2,85.4,60.5,84,88,85,70,3.8
Bulgaria,2016,65.9,30,43,41.1,91.1,60.4,93.1666666666667,66.9,71.6,82.6,88,65,60,7.7
Croatia,2016,59.1,35,48,52.0666666666667,70.8,33.7,65.7666666666667,60.3,42.4,78.7,87.4,75,60,5
Cyprus,2016,68.7,70,63,55.1666666666667,76.1,47.3,77.5,74.5,58.2,85.3,88,75,50,4.9
Denmark,2016,75.3,95,92,76.6333333333333,39.5,2.3,96.2666666666667,95.4,86,84.4,88,90,80,4.1
Estonia,2016,77.2,90,69,80.9,81.9,54.9,99.8,79,57.2,82.2,88,90,80,5.6
Finland,2016,72.6,90,89,82.2,66.5,0.8,81.6,90.7,53.7,81.9,88,85,80,3.6
France,2016,62.3,80,69,70.5,47.7,2.5,60.9,78.4,43.5,79.1,83,70,70,4.3
Germany,2016,74.4,90,79,77.6333333333333,61.5,41.3,90.8333333333333,90,50.6,83.3,88,90,70,4.6
Greece,2016,53.2,40,43,54.8666666666667,64.4,0,69.2,73.8,50.2,77.7,83,60,40,6.6
Iceland,2016,73.3,90,79,69.3,73.3,42.1,93.8666666666667,90.1,61.6,79.5,87.8,70,60,3.3
Ireland,2016,77.3,90,74,75.2333333333333,73.6,50.3,76.7,79.6,72.1,85.5,88,90,70,4.4
Italy,2016,61.2,50,43,55.3666666666667,55.8,22.1,68.8,70.3,53,84.5,88,85,60,6.3
Latvia,2016,70.4,50,55,55.6666666666667,84.8,58.4,95.7333333333333,78.6,59.5,84.8,88,85,60,6.2
Lithuania,2016,75.2,65,58,63.4333333333333,92.9,63.8,95.8666666666667,80,60,84.6,88,80,80,7.1
Luxembourg,2016,73.9,90,82,75.7666666666667,61.1,43,98.9666666666667,73.7,42.6,83.2,88,95,80,5
Malta,2016,66.7,70,55,58.7,63.9,46.5,89.8666666666667,61.6,53.5,83.5,88,85,60,4.2
Netherlands,2016,74.6,90,83,72.9,52.7,34.4,88.1666666666667,80,64,83.4,88,90,80,3.9
Norway,2016,70.8,90,86,83.5,53.2,41.8,97.8333333333333,89.6,48.5,76.2,87.8,75,60,3.7
Poland,2016,69.3,65,61,52.8666666666667,75.5,46.5,81.3333333333333,68.7,58,85.2,88,75,70,4.8
Portugal,2016,65.1,70,63,67.7666666666667,60.5,24.8,49.3,85.3,43.5,85.7,88,70,60,5.9
Romania,2016,65.6,35,43,56.7,87.5,65.6,90.4333333333333,66.1,65.1,81.1,88,75,50,7.2
Slovakia,2016,66.6,50,50,38,80.1,49.5,85,68.4,55,79.5,88,75,70,3.6
Slovenia,2016,60.6,60,58,53.1,58.6,0,51.6666666666667,82,55.4,84.3,88,70,50,3.6
Spain,2016,68.5,70,60,55.7666666666667,58.3,41.1,38.0333333333333,76,51.7,84.7,88,85,70,6.6
Sweden,2016,72,90,87,84.8,44.4,14.9,95.3666666666667,89.7,53.5,87.1,88,85,80,4.3
Switzerland,2016,81,90,86,80.5666666666667,70.9,66.3,96,82.2,72.1,87.8,90,85,80,4.4
Turkey,2016,62.1,40,45,52.2666666666667,75.2,55.6,93.8333333333333,65.4,48.6,71.5,84.4,75,60,8.6
United Kingdom,2016,76.4,90,78,90.9,64.9,39,54.1666666666667,86,71.8,76.4,88,90,80,5.1
Austria,2015,71.2,90,69,78,50.1,19.8,82.1,78,76.7,80.3,88,90,70,4
Belgium,2015,68.8,80,75,66.8,43.6,10.2,69.2,90.7,63.7,81.7,88,85,70,3.8
Bulgaria,2015,66.8,30,41,41.1,91,64.5,93.1666666666667,68.5,76.6,83.2,88,65,60,7.1
Croatia,2015,61.5,40,48,52.0666666666667,74.9,46.5,65.7666666666667,55.8,42.8,80,87.2,80,60,5.2
Cyprus,2015,67.9,70,63,55.1666666666667,79.5,36.7,77.5,79.5,59.6,82.7,88,70,50,5.2
Denmark,2015,76.3,95,91,76.6333333333333,39.6,1.8,96.2666666666667,97.4,92.1,87.6,88,90,80,4.1
Estonia,2015,76.8,90,68,80.9,80.6,53.2,99.8,81.5,58.7,77.6,88,90,80,6.2
Finland,2015,73.4,90,89,82.2,66.4,3.6,81.6,92.6,54.8,79.9,88,90,80,3.6
France,2015,62.5,80,71,70.5,47.5,2.5,60.9,80.2,43.5,77.5,83,70,70,4.3
Germany,2015,73.8,90,78,77.6333333333333,60.8,40.1,90.8333333333333,88.2,51.2,81.5,88,90,70,4.8
Greece,2015,54,40,40,54.8666666666667,64.2,0,69.2,73.3,51.6,77.8,83,60,50,6.5
Iceland,2015,72,90,78,69.3,72,32.6,93.8666666666667,90.5,62.2,77,88,70,60,3.4
Ireland,2015,76.6,85,72,75.2333333333333,73.6,45.6,76.7,82.1,76.2,83.9,88,90,70,4.5
Italy,2015,61.7,55,43,55.3666666666667,54.2,23.2,68.8,71.9,55.4,81.2,88,85,60,5.8
Latvia,2015,69.7,50,53,55.6666666666667,84.4,59.2,95.7333333333333,82.1,61.5,83.8,88,85,50,6.5
Lithuania,2015,74.7,60,57,63.4333333333333,92.9,61.3,95.8666666666667,84.9,62,81.2,88,80,80,7.5
Luxembourg,2015,73.2,90,80,75.7666666666667,62.3,42.2,98.9666666666667,71.3,42.1,80.7,88,95,80,4.3
Malta,2015,66.5,75,56,58.7,63.1,44.4,89.8666666666667,61,55.6,81.8,88,80,60,4.1
Netherlands,2015,73.7,90,83,72.9,51.8,23.8,88.1666666666667,84.3,66.3,79.8,88,90,80,3.8
Norway,2015,71.8,90,86,83.5,52.1,43.8,97.8333333333333,92.1,48.2,81.7,89.4,75,60,3.5
Poland,2015,68.6,60,60,52.8666666666667,82.1,47.1,81.3333333333333,67.3,60.4,81.3,88,70,70,4.9
Portugal,2015,65.3,70,62,67.7666666666667,61.1,28.8,49.3,87.5,42.9,82.8,88,70,60,6
Romania,2015,66.6,40,43,56.7,86.9,62.3,90.4333333333333,69.8,68.6,77.3,88,80,50,8.3
Slovakia,2015,67.2,50,47,38,80.8,55.1,85,69.6,56.5,75.5,88,80,70,3.5
Slovenia,2015,60.3,60,57,53.1,58.1,0,51.6666666666667,81.2,57.1,81.3,88,70,50,3.6
Spain,2015,67.6,70,59,55.7666666666667,53.1,39.8,38.0333333333333,77.5,52.6,81.3,88,85,70,6.9
Sweden,2015,72.7,90,89,84.8,43,19.2,95.3666666666667,87.9,54,85.5,88,90,80,4.1
Switzerland,2015,80.5,90,85,80.5666666666667,70.3,65.1,96,78.1,75.3,86.3,90,85,80,4.5
Turkey,2015,63.2,45,50,52.2666666666667,76.1,57.6,93.8333333333333,61,50.2,72.4,84.6,75,60,8.6
United Kingdom,2015,75.8,90,76,90.9,62.9,30.3,54.1666666666667,91.1,75.6,74.4,88,90,80,5.2
Austria,2014,72.4,90,75.5,78,51,23.5,82.1,76.3,80.5,79.5,87.8,90,70,4.1
Belgium,2014,69.9,80,74.2,66.8,44.8,14.8,69.2,89.9,72.7,79.5,87.8,85,70,3.8
Bulgaria,2014,65.7,30,35.2,41.1,91.2,64.5,93.1666666666667,73.5,80.2,79.6,87.8,55,60,6.8
Croatia,2014,60.4,40,41.1,52.0666666666667,69.4,45.8,65.7666666666667,61.4,39.4,79.2,87.4,80,60,5.1
Cyprus,2014,67.6,70,64,55.1666666666667,79.7,36.2,77.5,79.7,70.2,78.8,82.8,65,50,5.4
Denmark,2014,76.1,90,93.7,76.6333333333333,39.3,0.5,96.2666666666667,98.1,91.2,80,87.8,90,90,4.1
Estonia,2014,75.9,90,64.2,80.9,80.4,56,99.8,77.6,55.9,76.9,87.8,90,80,6.5
Finland,2014,73.4,90,93.4,82.2,65.1,8.9,81.6,93.6,46.5,78.9,87.8,90,80,3.6
France,2014,63.5,80,69.9,70.5,48.4,5.6,60.9,79.9,51.8,76.1,82.8,70,70,4.3
Germany,2014,73.4,90,80.1,77.6333333333333,61.2,38.2,90.8333333333333,89.9,46.4,80.8,87.8,90,70,5.1
Greece,2014,55.7,40,33.2,54.8666666666667,65.9,19.2,69.2,75.8,53.9,76.3,82.8,60,50,6.5
Iceland,2014,72.4,90,84.2,69.3,72.9,32.9,93.8666666666667,91.2,59.1,76,87.9,70,60,3.1
Ireland,2014,76.2,90,74.8,75.2333333333333,74,30.6,76.7,83.4,79.5,81.7,87.8,90,70,4.9
Italy,2014,60.9,50,38.5,55.3666666666667,55.5,25.6,68.8,75.5,52.5,78.9,87.8,85,60,5.8
Latvia,2014,68.7,50,43.6,55.6666666666667,84.6,54.9,95.7333333333333,82.5,68.5,79.7,87.8,85,50,6.5
Lithuania,2014,73,60,49.9,63.4333333333333,92.9,55.9,95.8666666666667,85.7,59,78.6,87.8,80,80,6.1
Luxembourg,2014,74.2,90,84.1,75.7666666666667,62.8,47.6,98.9666666666667,72.6,43.1,78.9,87.8,95,80,4.4
Malta,2014,66.4,75,55.8,58.7,63.7,47.2,89.8666666666667,62.4,53.2,79.1,87.8,80,60,4
Netherlands,2014,74.2,90,88,72.9,51.7,25.6,88.1666666666667,89.7,59.6,79.9,87.8,90,80,3.8
Norway,2014,70.9,90,88.1,83.5,50.6,42.2,97.8333333333333,90.9,44.6,78.7,89.1,75,60,3.4
Poland,2014,67,60,54.8,52.8666666666667,76.1,43.2,81.3333333333333,70.1,60.4,77.8,87.8,70,70,4.9
Portugal,2014,63.5,70,61.1,67.7666666666667,60.1,26.8,49.3,84.9,34.6,79.3,87.8,70,60,6.2
Romania,2014,65.5,40,37.7,56.7,87,59.2,90.4333333333333,71,65.2,77.1,87.8,80,50,7.2
Slovakia,2014,66.4,50,41.8,38,80.2,56,85,67,53.6,78.1,87.8,80,70,3.9
Slovenia,2014,62.7,60,61,53.1,58.9,22.6,51.6666666666667,85.4,51,80.3,87.8,70,50,3.7
Spain,2014,67.2,70,62.6,55.7666666666667,54,38.7,38.0333333333333,77.3,52.2,79.9,87.8,80,70,6.8
Sweden,2014,73.1,90,92.3,84.8,42.9,21.4,95.3666666666667,91.1,52.9,82.5,87.8,90,80,4.2
Switzerland,2014,81.6,90,88.1,80.5666666666667,68.9,65.7,96,75.4,87.4,85.2,90,85,80,4.4
Turkey,2014,64.9,50,44,52.2666666666667,77.5,63.5,93.8333333333333,67.6,59.7,71.8,84.5,70,60,8.3
United Kingdom,2014,74.9,90,76.4,90.9,56.6,29.5,54.1666666666667,92,73.1,73.5,87.8,90,80,5.1
Austria,2013,71.8,90,78,78,51.1,23.5,82.1,73.6,80.4,79.3,86.8,85,70,4.1
Belgium,2013,69.2,80,75,66.8,45,14.5,69.2,91.6,69.8,79.3,86.8,80,70,3.8
Bulgaria,2013,65,30,33,41.1,94,64.2,93.1666666666667,73.6,74.8,78.6,86.8,55,60,6.6
Croatia,2013,61.3,40,40,52.0666666666667,75.4,48.7,65.7666666666667,63,42.4,81.1,87.5,75,60,5.3
Cyprus,2013,69,70,63,55.1666666666667,79.8,32.7,77.5,80.7,62.8,84.1,81.8,75,60,4.9
Denmark,2013,76.1,90,94,76.6333333333333,39.8,5.9,96.2666666666667,98.4,91.1,80,86.8,85,90,4
Estonia,2013,75.3,85,64,80.9,79.7,56.2,99.8,78.2,56,77.1,86.8,90,80,5.5
Finland,2013,74,90,94,82.2,66.9,12.2,81.6,94.8,45.3,79.5,86.8,90,80,3.6
France,2013,64.1,80,70,70.5,53,5.6,60.9,84,50.5,81.1,81.8,65,70,4.5
Germany,2013,72.8,90,80,77.6333333333333,61.8,37.3,90.8333333333333,92.1,43.8,81.2,86.8,85,70,4.6
Greece,2013,55.4,40,34,54.8666666666667,66.2,24.7,69.2,77.1,42.1,73.4,81.8,65,50,6.6
Iceland,2013,72.1,90,83,69.3,72.7,36.2,93.8666666666667,91.5,58.9,75.8,87.8,65,60,3.4
Ireland,2013,75.7,90,75,75.2333333333333,73.8,28.8,76.7,83.4,76.6,82.8,86.8,90,70,4.7
Italy,2013,60.6,50,39,55.3666666666667,55.5,25.3,68.8,76.9,52,80.2,86.8,80,60,5.8
Latvia,2013,66.5,50,42,55.6666666666667,84.4,53.6,95.7333333333333,75.7,64.4,78.3,86.8,80,50,6.3
Lithuania,2013,72.1,60,48,63.4333333333333,92.8,53.6,95.8666666666667,77.6,64.1,78.3,86.8,80,80,6.1
Luxembourg,2013,74.2,90,85,75.7666666666667,65,47.1,98.9666666666667,74.8,39,79.3,86.8,95,80,4.6
Malta,2013,67.5,75,56,58.7,61.2,44.1,89.8666666666667,61.1,65.4,80.4,86.8,85,60,4.1
Netherlands,2013,73.5,90,89,72.9,52.1,24.7,88.1666666666667,83,58.6,81.1,86.8,90,80,3.6
Norway,2013,70.5,90,90,83.5,51,40.3,97.8333333333333,92.6,44.7,76.9,89.3,70,60,3.3
Poland,2013,66,60,55,52.8666666666667,76,43,81.3333333333333,64,62.9,77.7,86.8,65,70,4.9
Portugal,2013,63.1,70,61,67.7666666666667,61.6,28.3,49.3,82.8,31,79.4,86.8,70,60,6
Romania,2013,65.1,40,36,56.7,87.9,62.2,90.4333333333333,70.4,63.5,74.7,86.8,80,50,6.8
Slovakia,2013,68.7,50,40,38,84.7,58,85,71,72.2,79.1,86.8,75,70,3.6
Slovenia,2013,61.7,60,59,53.1,65.7,22.3,51.6666666666667,80.7,40.4,81.6,86.8,70,50,3.6
Spain,2013,68,70,62,55.7666666666667,53.9,43,38.0333333333333,80.3,54.3,79.9,86.8,80,70,6.3
Sweden,2013,72.9,90,93,84.8,39.6,21,95.3666666666667,93.2,53.6,82.1,86.8,90,80,4
Switzerland,2013,81,90,88,80.5666666666667,68.1,63.8,96,75.8,87.9,86.2,90,80,80,4.2
Turkey,2013,62.9,50,42,52.2666666666667,77,64.9,93.8333333333333,68.2,43.1,73.3,85.2,65,60,8.7
United Kingdom,2013,74.8,90,78,90.9,57,27.7,54.1666666666667,94.1,71.6,72.4,86.8,90,80,4.6
Austria,2012,70.3,90,79,78,50.5,15.4,82.1,70.3,78.1,82.2,87.2,80,70,4.2
Belgium,2012,69,80,71,66.8,44.8,12.1,69.2,92.3,71.3,81.2,87.1,80,70,4
Bulgaria,2012,64.7,30,36,41.1,93.6,50.3,93.1666666666667,72.7,84.2,77.8,87.1,55,60,6.1
Croatia,2012,60.9,40,41,52.0666666666667,76.4,45,65.7666666666667,63.4,44.4,81.4,87.5,70,60,5.4
Cyprus,2012,71.8,70,63,55.1666666666667,83.3,37.1,77.5,81.6,69.9,85.7,82.1,75,70,4.7
Denmark,2012,76.2,90,93,76.6333333333333,39.8,0,96.2666666666667,99.1,92.1,80.7,87.1,90,90,3.9
Estonia,2012,73.2,80,65,80.9,79.1,38.8,99.8,75.7,56.9,79.3,87.1,90,80,5.4
Finland,2012,72.3,90,92,82.2,65.4,5.2,81.6,94.9,42.4,81.3,87.1,85,80,3.7
France,2012,63.2,80,68,70.5,53.8,5.3,60.9,83.7,51.6,82.3,82.1,55,70,4.5
Germany,2012,71,90,79,77.6333333333333,61.3,32.2,90.8333333333333,90.5,41.4,83.5,87.1,85,60,4.3
Greece,2012,55.4,50,35,54.8666666666667,65.3,16.2,69.2,76.3,36.6,72.6,82.1,60,60,6.6
Iceland,2012,70.9,90,85,69.3,73.5,21.8,93.8666666666667,92,60.9,72.5,88.2,65,60,3.4
Ireland,2012,76.9,90,80,75.2333333333333,73.9,30.4,76.7,92.8,78.4,76.7,87.1,90,70,4.8
Italy,2012,58.8,50,39,55.3666666666667,55,19.4,68.8,77.4,43,82,87.1,75,60,5.6
Latvia,2012,65.2,50,43,55.6666666666667,84.3,43.8,95.7333333333333,75.9,59.1,79.1,87.1,80,50,6.5
Lithuania,2012,71.5,60,50,63.4333333333333,93.6,41.7,95.8666666666667,79.2,64.6,79.3,87.1,80,80,5.3
Luxembourg,2012,74.5,90,85,75.7666666666667,63.6,46.6,98.9666666666667,75.9,40.9,81.3,87.1,95,80,4.1
Malta,2012,67,70,56,58.7,67.8,43.8,89.8666666666667,70,60,80.5,87.1,75,60,3.9
Netherlands,2012,73.3,90,88,72.9,51.2,20.9,88.1666666666667,81.9,60,83.6,87.1,90,80,3.6
Norway,2012,68.8,90,86,83.5,52.5,35.3,97.8333333333333,88.4,46.3,75.1,89.3,65,60,3.2
Poland,2012,64.2,60,53,52.8666666666667,74.4,40.3,81.3333333333333,61.4,61.3,79.1,87.1,65,60,4.9
Portugal,2012,63,70,60,67.7666666666667,59,25.5,49.3,83,32.5,82.6,87.1,70,60,5.8
Romania,2012,64.4,40,37,56.7,87.4,55.1,90.4333333333333,70.5,62.6,74.3,87.1,80,50,6.6
Slovakia,2012,67,50,43,38,84.2,48.2,85,71,58.1,83.5,87.1,75,70,3.7
Slovenia,2012,62.9,60,64,53.1,64.8,27.9,51.6666666666667,81.4,42.2,81.2,87.1,70,50,3.4
Spain,2012,69.1,70,61,55.7666666666667,61.3,37.1,38.0333333333333,81.3,51.8,81.5,87.1,80,80,6.5
Sweden,2012,71.7,90,92,84.8,39.1,8.8,95.3666666666667,94.6,54.6,80.9,87.1,90,80,4
Switzerland,2012,81.1,90,87,80.5666666666667,67.9,65.8,96,77.9,87.9,84.4,90,80,80,4.4
Turkey,2012,62.5,50,44,52.2666666666667,77.7,58.5,93.8333333333333,67.1,40,71.9,85.4,70,60,9.3
United Kingdom,2012,74.1,90,76,90.9,56.4,21.5,54.1666666666667,94.7,71.5,73.9,87.1,90,80,5
Austria,2011,71.9,90,79,78,50.3,28,82.1,72.8,78.2,82.9,87.6,80,70,4.1
Belgium,2011,70.2,80,71,66.8,41.8,25,69.2,92.6,71,82.5,87.6,80,70,3.9
Bulgaria,2011,64.9,30,38,41.1,86.9,58.3,93.1666666666667,75.8,82,75.5,87.6,55,60,6.5
Croatia,2011,61.1,40,41,52.0666666666667,74.6,50.3,65.7666666666667,65.2,44.1,78.5,87.6,70,60,5.6
Cyprus,2011,73.3,80,66,55.1666666666667,74.6,45.6,77.5,80.1,71.4,87.6,82.6,75,70,4.3
Denmark,2011,78.6,90,93,76.6333333333333,43.2,19.5,96.2666666666667,99.7,92.1,81.4,87.6,90,90,4
Estonia,2011,75.2,80,66,80.9,80.7,52.2,99.8,80.9,55.8,78.7,87.6,90,80,5.3
Finland,2011,74,90,89,82.2,65.3,26.5,81.6,95,41.4,80.7,87.6,85,80,3.7
France,2011,64.6,80,69,70.5,52.3,16.4,60.9,85.6,51.4,83.7,82.6,55,70,4.6
Germany,2011,71.8,90,80,77.6333333333333,58.5,42.7,90.8333333333333,89.6,40.6,83.9,87.6,85,60,4.5
Greece,2011,60.3,50,38,54.8666666666667,65.9,34.3,69.2,76.2,55.2,80.6,82.6,60,60,6
Iceland,2011,68.2,90,87,69.3,69.8,0,93.8666666666667,92.7,60.7,68.6,88.2,65,60,3.3
Ireland,2011,78.7,90,80,75.2333333333333,72.1,47.1,76.7,92,77.5,80.7,87.6,90,70,4.6
Italy,2011,60.3,50,43,55.3666666666667,55.4,28.6,68.8,77.3,44.4,82.1,87.6,75,60,5.7
Latvia,2011,65.8,50,45,55.6666666666667,82.5,55.5,95.7333333333333,72.8,61.3,73.5,87.6,80,50,6.5
Lithuania,2011,71.3,60,49,63.4333333333333,86.1,58,95.8666666666667,81.7,55.6,74.5,87.6,80,80,5.8
Luxembourg,2011,76.2,90,82,75.7666666666667,66.7,58.5,98.9666666666667,76.4,44.1,82.1,87.6,95,80,4
Malta,2011,65.7,70,52,58.7,62.5,39.8,89.8666666666667,70,60,80.1,87.6,75,60,4
Netherlands,2011,74.7,90,89,72.9,50.6,36.8,88.1666666666667,81.9,58.3,82.7,87.6,90,80,3.8
Norway,2011,70.3,90,86,83.5,51.6,51.5,97.8333333333333,88.3,45.8,75.1,89.4,65,60,3.3
Poland,2011,64.1,60,50,52.8666666666667,74,43.8,81.3333333333333,61.4,61.2,78.1,87.6,65,60,5
Portugal,2011,64,70,58,67.7666666666667,61.1,36.2,49.3,80.1,34.7,82.3,87.6,70,60,5.7
Romania,2011,64.7,40,38,56.7,86.8,57.6,90.4333333333333,72,60.8,74.4,87.6,80,50,6.2
Slovakia,2011,69.5,50,45,38,84.2,63.7,85,73.4,64.5,81.6,87.6,75,70,3.8
Slovenia,2011,64.6,60,66,53.1,65.1,41.1,51.6666666666667,83.6,41.8,80.5,87.6,70,50,3.5
Spain,2011,70.2,70,61,55.7666666666667,61,49.3,38.0333333333333,77.2,53,82.4,87.6,80,80,6.3
Sweden,2011,71.9,90,92,84.8,37.6,17.3,95.3666666666667,95,54,80.1,87.6,85,80,4
Switzerland,2011,81.9,90,90,80.5666666666667,68.4,69.3,96,80.2,87.8,83.8,90,80,80,4.5
Turkey,2011,64.2,50,44,52.2666666666667,78.2,83.6,93.8333333333333,68.7,39.6,72.7,85.4,70,50,9.5
United Kingdom,2011,74.5,85,77,90.9,52,32.9,54.1666666666667,94.6,71.2,74.9,87.6,90,80,5.3
Austria,2010,71.6,90,81,78,51.2,28.8,82.1,73.6,79.1,79.3,87.5,75,70,4.3
Belgium,2010,70.1,80,73,66.8,42.2,30,69.2,92.9,67.1,77.9,87.5,80,70,3.9
Bulgaria,2010,62.3,30,36,41.1,86.3,48.3,93.1666666666667,77.8,78.1,69.5,87.4,50,60,5.9
Croatia,2010,59.2,40,44,52.0666666666667,70.3,47.1,65.7666666666667,61.5,40.8,75.8,87.8,65,60,5.5
Cyprus,2010,70.9,80,64,55.1666666666667,72.7,44.8,77.5,80.3,61.5,82.9,82.5,70,70,4.5
Denmark,2010,77.9,90,93,76.6333333333333,35.9,22,96.2666666666667,97.9,93.7,79.3,87.5,90,90,4.4
Estonia,2010,74.7,80,66,80.9,80.2,62.2,99.8,83.1,47,71.1,87.5,90,80,5
Finland,2010,73.8,90,90,82.2,65.4,32.9,81.6,95,43.8,78.9,87.5,75,80,3.6
France,2010,64.2,80,69,70.5,51.9,17.9,60.9,86.3,54.7,79.7,82.5,50,70,4.4
Germany,2010,71.1,90,79,77.6333333333333,58.3,41.4,90.8333333333333,89.6,39.9,79.9,87.5,85,60,4.5
Greece,2010,62.7,60,47,54.8666666666667,65.9,41.9,69.2,77.4,55.1,77.6,82.5,60,60,5.6
Iceland,2010,73.7,90,89,69.3,75.4,45.8,93.8666666666667,93,60.8,69.9,87.9,65,60,3.6
Ireland,2010,81.3,90,77,75.2333333333333,71.1,61.8,76.7,92.8,79,79,87.5,95,80,4.7
Italy,2010,62.7,55,48,55.3666666666667,55.2,31.2,68.8,77.9,58.2,79,87.5,75,60,5.4
Latvia,2010,66.2,55,50,55.6666666666667,82.7,57.4,95.7333333333333,72.9,59.1,67,87.5,80,50,6.8
Lithuania,2010,70.3,55,46,63.4333333333333,84.6,63.5,95.8666666666667,82,58.5,70.8,87.5,75,80,7.3
Luxembourg,2010,75.4,90,83,75.7666666666667,65.9,58.5,98.9666666666667,75.1,40.4,78.9,87.5,95,80,4.1
Malta,2010,67.2,80,58,58.7,62.5,45.6,89.8666666666667,70,60,78.1,87.5,70,60,4.3
Netherlands,2010,75,90,89,72.9,52,38.4,88.1666666666667,82.6,59.1,81,87.5,90,80,3.7
Norway,2010,69.4,90,79,83.5,50.5,49.8,97.8333333333333,88.8,47.1,74.2,89.2,65,60,3.4
Poland,2010,63.2,55,46,52.8666666666667,74.9,46.8,81.3333333333333,62.2,61.5,78.1,87.5,60,60,5
Portugal,2010,64.4,70,61,67.7666666666667,61,37.1,49.3,80.5,37,79.7,87.5,70,60,5.6
Romania,2010,64.2,40,38,56.7,85.8,59.8,90.4333333333333,72.5,60.4,73.3,87.5,75,50,6.1
Slovakia,2010,69.7,55,50,38,84,64.5,85,72.6,65.1,78.2,87.5,70,70,3.8
Slovenia,2010,64.7,60,67,53.1,64,46.1,51.6666666666667,83.3,43.5,76,87.5,70,50,3.4
Spain,2010,69.6,70,65,55.7666666666667,58.1,54.8,38.0333333333333,75.8,47.3,77.7,87.5,80,80,6.2
Sweden,2010,72.4,95,93,84.8,36.7,17.3,95.3666666666667,95.5,54.9,79.5,87.5,85,80,3.8
Switzerland,2010,81.1,90,90,80.5666666666667,68.2,68.9,96,81.2,81.8,81.3,90,80,80,4.5
Turkey,2010,63.8,50,46,52.2666666666667,78.1,82.9,93.8333333333333,68.9,41.1,70,86.4,65,50,9.9
United Kingdom,2010,76.5,85,77,90.9,61.8,41.9,54.1666666666667,94.9,72.8,73.7,87.5,90,80,5.4
Austria,2009,71.2,90,81,78,49.9,27.1,82.1,78.6,78.7,80.9,85.8,70,70,4.2
Belgium,2009,72.1,80,71,66.8,41.5,28.3,69.2,93.2,70.5,81,85.8,90,80,3.9
Bulgaria,2009,64.6,30,41,41.1,86.2,58.7,93.1666666666667,73.5,78.4,72.8,85.8,60,60,5.9
Croatia,2009,55.1,30,41,52.0666666666667,68.7,31.7,65.7666666666667,59.9,43.4,79,87.6,50,60,5.5408203125
Cyprus,2009,70.8,90,53,55.1666666666667,76.6,42.2,77.5,70,70,85.7,80.8,70,70,4.4
Denmark,2009,79.6,95,94,76.6333333333333,35.4,20.4,96.2666666666667,99.9,99.4,86.6,85.8,90,90,4.6
Estonia,2009,76.4,90,65,80.9,81.5,67.3,99.8,75.9,48.5,79.7,85.8,90,80,5
Finland,2009,74.5,95,94,82.2,64.3,28.6,81.6,95.1,44.8,87.4,85.8,70,80,3.7
France,2009,63.3,70,73,70.5,50.9,14.5,60.9,87.4,54.5,71.7,80.8,60,70,4.4
Germany,2009,70.5,90,78,77.6333333333333,58.5,38.2,90.8333333333333,90.3,43.4,80.8,85.8,80,60,4.5
Greece,2009,60.8,50,46,54.8666666666667,66.5,46.3,69.2,78.7,61.2,78.8,80.8,50,50,5.8
Iceland,2009,75.9,90,92,69.3,76.2,44,93.8666666666667,93.6,59.9,75.3,88,70,70,4.2
Ireland,2009,82.2,90,75,75.2333333333333,69.2,64.9,76.7,93,79.7,84.3,85.8,90,90,4.2
Italy,2009,61.4,50,52,55.3666666666667,55.8,24.7,68.8,78.7,61.3,80.8,80.8,70,60,5.3
Latvia,2009,66.6,55,48,55.6666666666667,82.3,58.5,95.7333333333333,73.8,61.6,71.1,85.8,70,60,7.4
Lithuania,2009,70,50,48,63.4333333333333,87.6,65.3,95.8666666666667,82.4,54.6,75.8,85.8,70,80,6.4
Luxembourg,2009,75.2,90,84,75.7666666666667,66.3,54.4,98.9666666666667,76.2,45.1,80.2,85.8,90,80,4.3
Malta,2009,66.1,90,58,58.7,63.1,41.7,89.8666666666667,70,60,82.7,85.8,50,60,4
Netherlands,2009,77,90,90,72.9,50.9,36.2,88.1666666666667,86.5,63.3,87,85.8,90,90,4
Norway,2009,70.2,90,87,83.5,50.3,50.5,97.8333333333333,88.1,48.6,78.1,89.2,60,60,3.5
Poland,2009,60.3,50,42,52.8666666666667,69,42.2,81.3333333333333,53.7,59.8,80.8,85.8,60,60,5
Portugal,2009,64.9,70,65,67.7666666666667,61.6,35.4,49.3,81.1,40.3,79.9,85.8,70,60,6
Romania,2009,63.2,35,37,56.7,87,70,90.4333333333333,74.9,57.1,75,85.8,60,50,6.5
Slovakia,2009,69.4,50,49,38,84.1,57.4,85,73.4,75.3,78.7,85.8,70,70,3.6
Slovenia,2009,62.9,60,66,53.1,62.9,38.4,51.6666666666667,84.5,42.8,78.6,85.8,60,50,3.2
Spain,2009,70.1,70,67,55.7666666666667,58.6,55.3,38.0333333333333,76.8,48.3,78.9,85.8,80,80,5.9
Sweden,2009,70.5,90,93,84.8,35,7.3,95.3666666666667,95.9,55.5,82.1,85.8,80,80,4
Switzerland,2009,79.4,90,90,80.5666666666667,67.5,65.3,96,82.9,79.2,83.9,85.4,70,80,4.8
Turkey,2009,61.6,50,41,52.2666666666667,73.2,83.4,93.8333333333333,69.9,40.3,71.1,86.6,50,50,10.3
United Kingdom,2009,79,90,84,90.9,61,40.3,54.1666666666667,89.8,78.5,80.4,85.8,90,90,5.3
Austria,2008,71.4,90,86,78,51.2,25.3,82.1,80.9,73.2,81.4,86,70,70,4.2
Belgium,2008,71.7,80,73,66.8,43.9,17.9,69.2,93.7,71.6,80.4,86,90,80,4.1
Bulgaria,2008,63.7,30,40,41.1,82.7,56,93.1666666666667,68.4,80.6,73.7,86,60,60,6.5
Croatia,2008,54.1,30,34,52.0666666666667,68.8,28,65.7666666666667,58.5,45.5,78.8,87.6,50,60,5.53515625
Cyprus,2008,71.3,90,56,55.1666666666667,78.2,43,77.5,70,70,85,81,70,70,4.3
Denmark,2008,79.2,90,95,76.6333333333333,35,19.8,96.2666666666667,99.9,100,86.5,86,90,90,3.6
Estonia,2008,77.9,90,67,80.9,86,62,99.8,85.3,50.7,82,86,90,80,5
Finland,2008,74.6,90,96,82.2,64.3,29.1,81.6,95.2,46.4,88.5,86,70,80,3.8
France,2008,64.7,70,74,70.5,53.2,13.2,60.9,88,56.4,81.2,81,60,70,4.4
Germany,2008,70.6,90,80,77.6333333333333,58.4,34,90.8333333333333,89.9,46.3,81.4,86,80,60,4.8
Greece,2008,60.6,50,44,54.8666666666667,65.6,57.8,69.2,70.4,58.8,78.5,81,50,50,5.9
Iceland,2008,75.8,90,96,69.3,73.6,46.3,93.8666666666667,94.5,67.9,74.8,85,60,70,3.8
Ireland,2008,82.5,90,74,75.2333333333333,71.5,64.5,76.7,93,81.1,84.9,86,90,90,4.4
Italy,2008,62.6,50,49,55.3666666666667,54.3,29.4,68.8,77,74.5,80.6,81,70,60,5.2
Latvia,2008,68.3,55,47,55.6666666666667,83.4,59.2,95.7333333333333,74.8,64.1,73.8,86,70,70,7.3
Lithuania,2008,70.9,50,48,63.4333333333333,86.3,68.3,95.8666666666667,84.2,57.7,78.5,86,70,80,6.1
Luxembourg,2008,74.7,90,86,75.7666666666667,65.4,44.8,98.9666666666667,77.3,47.4,79.8,86,90,80,4.1
Malta,2008,66,90,64,58.7,61.3,29.1,89.8666666666667,70,60,79.8,86,50,70,4.3
Netherlands,2008,77.4,90,87,72.9,51.6,38.2,88.1666666666667,88,65.8,86.9,86,90,90,4
Norway,2008,68.6,90,88,83.5,50.3,46.3,97.8333333333333,89.1,49.5,76.1,86.2,60,50,3.7
Poland,2008,60.3,50,37,52.8666666666667,68.6,43.5,81.3333333333333,54.2,61.3,82.3,86,60,60,5.1
Portugal,2008,63.9,70,66,67.7666666666667,61.3,32.6,49.3,80.5,43.1,79.4,86,70,50,6.1
Romania,2008,61.7,30,31,56.7,85.6,70.8,90.4333333333333,74.9,56.3,72.5,86,60,50,7
Slovakia,2008,70,50,47,38,89.4,53.9,85,69.5,77.1,76.9,86,70,80,3.4
Slovenia,2008,60.2,50,64,53.1,62.4,33.2,51.6666666666667,74.1,42.4,79.5,86,60,50,3.4
Spain,2008,69.1,70,68,55.7666666666667,54.5,56.2,38.0333333333333,77.9,50.2,78.1,86,70,80,5.6
Sweden,2008,70.8,90,92,84.8,32.7,3.9,95.3666666666667,95.6,65,82.8,86,80,80,3.7
Switzerland,2008,79.5,90,91,80.5666666666667,68,61.6,96,83.9,79.9,83.6,87.2,70,80,4.9
Turkey,2008,59.9,50,38,52.2666666666667,77.7,68.3,93.8333333333333,68.3,39.5,70.8,86.8,50,50,9.3
United Kingdom,2008,79.4,90,86,90.9,61.2,40.1,54.1666666666667,90.8,79.5,80.7,86,90,90,5.6
Austria,2007,71.6,90,87,78,50.3,24.7,82.1,81.7,70.1,86,86.6,70,70,3.8
Belgium,2007,72.5,80,74,66.8,44.1,26.5,69.2,92.6,70.8,80.5,86.6,90,80,3.9
Bulgaria,2007,62.7,30,40,41.1,82.4,57.8,93.1666666666667,70.3,79.8,75.8,70.8,60,60,7
Croatia,2007,53.4,30,34,52.0666666666667,69.9,24.4,65.7666666666667,54.2,44.5,79.3,87.8,50,60,5.528125
Cyprus,2007,71.7,90,57,55.1666666666667,79.4,44.8,77.5,70,70,84.7,81.6,70,70,4.4
Denmark,2007,77,90,95,76.6333333333333,34.2,12.8,96.2666666666667,94.8,99.9,86.8,86.6,80,90,3.7
Estonia,2007,78,90,64,80.9,84.5,61.8,99.8,79.9,49.7,83,86.6,90,90,5.5
Finland,2007,74,90,96,82.2,63.1,23.5,81.6,95.3,45.6,89.9,86.6,70,80,3.7
France,2007,62.1,70,75,70.5,46.3,13.5,60.9,87.2,56.1,81,81.6,50,60,3.9
Germany,2007,70.8,90,82,77.6333333333333,61.4,33.7,90.8333333333333,88.9,44.2,81.5,86.6,90,50,4.9
Greece,2007,58.7,50,43,54.8666666666667,62.4,53.4,69.2,69.7,58,78.4,81.6,50,40,6
Iceland,2007,76,90,97,69.3,73.5,41.7,93.8666666666667,94.9,66.2,82.9,84,60,70,3.9
Ireland,2007,82.6,90,74,75.2333333333333,71.7,65.9,76.7,92.1,80.6,85.3,86.6,90,90,4.8
Italy,2007,62.8,50,50,55.3666666666667,52.8,31.5,68.8,77,74.4,80.5,81.6,70,60,5.4
Latvia,2007,67.9,50,42,55.6666666666667,83.9,61.3,95.7333333333333,74.5,66.9,74.2,86.6,70,70,6.4
Lithuania,2007,71.5,50,48,63.4333333333333,86.5,70.8,95.8666666666667,84.3,57.3,81.1,86.6,70,80,5.9
Luxembourg,2007,74.6,90,85,75.7666666666667,65.3,44,98.9666666666667,76.9,47.8,80.2,86.6,90,80,4
Malta,2007,66.1,90,66,58.7,61.1,27.7,89.8666666666667,70,60,80,86.6,50,70,3.9
Netherlands,2007,75.5,90,86,72.9,48.8,34.9,88.1666666666667,88.4,62.7,87.2,86.6,90,80,4
Norway,2007,67.9,90,89,83.5,50.6,37.6,97.8333333333333,91.1,49,82.5,89.2,50,50,3.5
Poland,2007,58.1,50,34,52.8666666666667,68.6,44.8,81.3333333333333,55.3,61.4,80.3,86.6,50,50,5.3
Portugal,2007,64,70,65,67.7666666666667,62.3,35.4,49.3,78.6,41.5,80.4,86.6,70,50,6.5
Romania,2007,61.2,30,30,56.7,85.9,71,90.4333333333333,73.2,58,69.7,84,50,60,8.1
Slovakia,2007,69.6,50,43,38,89.5,53.7,85,70.7,76.1,76.6,86.6,70,80,3.5
Slovenia,2007,59.6,50,61,53.1,54.6,30.9,51.6666666666667,72.9,41.2,78.9,86.6,70,50,3.3
Spain,2007,69.2,70,70,55.7666666666667,55.2,54.8,38.0333333333333,78,49.3,78.5,86.6,70,80,5.5
Sweden,2007,69.3,90,92,84.8,33.1,3.6,95.3666666666667,94.2,65,83.8,81.4,80,70,3.3
Switzerland,2007,78,90,91,80.5666666666667,67.9,59.8,96,84.1,77,83.5,87,70,70,4.7
Turkey,2007,57.4,50,35,52.2666666666667,69.1,62.4,93.8333333333333,67.4,38.8,70.1,81,50,50,9.3
United Kingdom,2007,79.9,90,86,90.9,62,42.7,54.1666666666667,91.2,79,81.3,86.6,90,90,5.3
Austria,2006,71.1,90,84,78,50.2,23.2,82.1,82,72.7,86.4,82.4,70,70,3.7
Belgium,2006,71.8,90,75,66.8,42.8,26.8,69.2,90.7,68.4,81.5,82.4,90,70,4.2
Bulgaria,2006,64.1,30,41,41.1,83.2,49.8,93.1666666666667,70.5,79.8,80.7,65.8,70,70,5.1
Croatia,2006,53.6,30,35,52.0666666666667,69.6,23.2,65.7666666666667,54.5,44.6,81.2,78.4,50,70,5.5125
Cyprus,2006,71.8,90,54,55.1666666666667,79.1,48.3,77.5,70,70,84.4,82.4,70,70,4.3
Denmark,2006,75.4,90,95,76.6333333333333,35.5,9.3,96.2666666666667,94.6,99.9,87.2,82.4,70,90,3.4
Estonia,2006,74.9,70,60,80.9,83.8,57.4,99.8,81.9,49.3,84.7,82.4,90,90,5.5
Finland,2006,72.9,90,97,82.2,61.9,24.4,81.6,95.4,47.4,90.8,82.4,70,70,3.6
France,2006,61.1,70,71,70.5,46.6,11.2,60.9,88,56.5,85.6,82.4,50,50,4
Germany,2006,70.8,90,82,77.6333333333333,60.8,31.7,90.8333333333333,89.1,44.4,87.1,82.4,90,50,4.1
Greece,2006,60.1,50,43,54.8666666666667,61,53.9,69.2,73.2,58.6,78.7,82.4,50,50,6.1
Iceland,2006,75.8,90,95,69.3,73.7,32,93.8666666666667,95.1,65.4,88.8,78.2,50,90,3.7
Ireland,2006,82.2,90,75,75.2333333333333,72,64.7,76.7,93.7,79.6,84.4,82.4,90,90,4.9
Italy,2006,62,50,48,55.3666666666667,52,29.1,68.8,78.4,74.6,85.2,82.4,70,50,5.4
Latvia,2006,66.9,50,40,55.6666666666667,83.5,51,95.7333333333333,75,66.6,80.8,82.4,70,70,7.8
Lithuania,2006,71.8,50,46,63.4333333333333,82.9,63.9,95.8666666666667,85.2,57.1,90.4,82.4,70,90,6.3
Luxembourg,2006,75.3,90,84,75.7666666666667,65.7,36.8,98.9666666666667,76.9,51.4,85.7,82.4,90,90,4.2
Malta,2006,67.3,90,68,58.7,62.2,35.4,89.8666666666667,70,60,85,82.4,50,70,4
Netherlands,2006,75.4,90,87,72.9,48,29.1,88.1666666666667,87.5,62.9,86.6,82.4,90,90,3.8
Norway,2006,67.9,90,89,83.5,50.8,34.9,97.8333333333333,91.4,50.6,88.7,84.2,50,50,4.8
Poland,2006,59.3,50,35,52.8666666666667,68.7,39.5,81.3333333333333,56.5,61.2,79.6,82.4,50,70,5.6
Portugal,2006,62.9,70,63,67.7666666666667,64,29.7,49.3,73.3,42.2,84.4,82.4,70,50,6.7
Romania,2006,58.2,30,29,56.7,87.5,68.9,90.4333333333333,74.6,57.5,66.6,68.4,50,50,7.315625
Slovakia,2006,69.8,50,40,38,89.5,52.5,85,69.3,76.7,77.8,82.4,70,90,4.1
Slovenia,2006,61.9,50,60,53.1,64,44.3,51.6666666666667,75.1,41.6,81.7,82.4,70,50,3.4
Spain,2006,68.2,70,71,55.7666666666667,55.3,50.5,38.0333333333333,78.7,50,83.9,82.4,70,70,5.5
Sweden,2006,70.9,90,92,84.8,33.2,2.2,95.3666666666667,96.1,65.1,87.7,82.4,90,70,3.6
Switzerland,2006,78.9,90,91,80.5666666666667,73.4,61.1,96,85,77.1,89.6,82,70,70,4.771875
Turkey,2006,57,50,32,52.2666666666667,68,68.1,93.8333333333333,66.7,39.1,64.7,81,50,50,11.3
United Kingdom,2006,80.4,90,86,90.9,62.3,43.5,54.1666666666667,91.5,81.1,86.7,82.4,90,90,5.4
Austria,2005,68.8,90,80,78,44.4,22.6,82.1,70,73.6,87,80.2,70,70,3.8
Belgium,2005,69,90,76,66.8,42.1,22,69.2,70,68,81.8,80.2,90,70,4
Bulgaria,2005,62.3,30,39,41.1,80.3,53.4,93.1666666666667,55,80.3,83.1,82,50,70,6.0875
Croatia,2005,51.9,30,37,52.0666666666667,59.3,26.2,65.7666666666667,55,44.3,81.4,65.4,50,70,5.5
Cyprus,2005,71.9,90,61,55.1666666666667,79,57.4,77.5,85,70,83,73.6,50,70,4.3
Denmark,2005,75.3,90,95,76.6333333333333,33.9,8.3,96.2666666666667,100,99.9,85.6,80.2,70,90,3.5
Estonia,2005,75.2,70,55,80.9,82.9,61.6,99.8,85,47.4,85.5,84.8,90,90,5.9
Finland,2005,71,90,97,82.2,58,22.3,81.6,85,49.9,88,80.2,70,70,3.6
France,2005,60.5,70,69,70.5,44.8,10.9,60.9,70,54.3,86,80.2,70,50,4
Germany,2005,68.1,90,77,77.6333333333333,58.4,28.6,90.8333333333333,70,48.7,88.1,80.2,90,50,3.8
Greece,2005,59,50,43,54.8666666666667,58,54.4,69.2,70,56.1,78.1,80.2,50,50,5.8
Iceland,2005,76.6,90,96,69.3,72.5,30.9,93.8666666666667,85,64.6,88.6,78.2,70,90,3.5
Ireland,2005,80.8,90,75,75.2333333333333,72.6,64.5,76.7,85,78.2,82.5,80.2,90,90,5
Italy,2005,64.9,70,53,55.3666666666667,49.6,27.4,68.8,70,74.5,84.7,80.2,70,70,5.6
Latvia,2005,66.3,50,38,55.6666666666667,83.6,52.7,95.7333333333333,70,63.5,84.8,80,70,70,6.7
Lithuania,2005,70.5,50,47,63.4333333333333,82.8,65.1,95.8666666666667,70,55.8,90.1,84,70,90,6.9
Luxembourg,2005,76.3,90,87,75.7666666666667,64.3,39,98.9666666666667,85,51.4,85.9,80.2,90,90,3.9
Malta,2005,68.9,90,50,58.7,62.2,40.3,89.8666666666667,85,60,85.7,75.8,50,90,3.9
Netherlands,2005,72.9,90,89,72.9,45.7,28,88.1666666666667,70,61.5,84.8,80.2,90,90,4
Norway,2005,64.5,90,88,83.5,50.4,28.3,97.8333333333333,70,49.3,85.5,83.6,50,50,4.1
Poland,2005,59.6,50,36,52.8666666666667,68.3,30.3,81.3333333333333,70,60,82.3,79.2,50,70,6.6
Portugal,2005,62.4,70,66,67.7666666666667,61.7,32,49.3,70,41.2,83.2,80.2,70,50,7
Romania,2005,52.1,30,28,56.7,70.1,68.9,90.4333333333333,55,55.5,62.6,70.4,30,50,7.2375
Slovakia,2005,66.8,50,37,38,81.9,42.4,85,70,75.7,78,72.8,70,90,3.9
Slovenia,2005,59.6,50,59,53.1,55.6,45.3,51.6666666666667,85,40.3,79.1,81.8,50,50,3.4
Spain,2005,67,70,69,55.7666666666667,55.4,53,38.0333333333333,70,48.8,83.9,80.2,70,70,5.5
Sweden,2005,69.8,90,93,84.8,33.7,0,95.3666666666667,70,65.2,86,80.2,90,90,3.3
Switzerland,2005,79.3,90,88,80.5666666666667,73,61.1,96,70,77.2,90,83.4,70,90,4.7625
Turkey,2005,50.6,50,31,52.2666666666667,65.3,54.4,93.8333333333333,55,40.7,53.8,76,50,30,10.175
United Kingdom,2005,79.2,90,87,90.9,62.3,43.5,54.1666666666667,85,79,85,80.2,90,90,5.9
Austria,2004,67.6,90,78,78,43.5,21,82.1,70,74.8642857142857,85.9,79.8,70,70,3.8
Belgium,2004,68.7,90,71,66.8,43.1,23.5,69.2,70,67.5714285714286,81.3,79.8,90,70,3.9
Bulgaria,2004,59.2,30,40,41.1,81.1,64.5,93.1666666666667,55,77.2,78.7,63.2,50,70,6.125
Croatia,2004,53.1,30,38,52.0666666666667,67.3,22.9,65.7666666666667,55,43.2071428571429,79.5,65.4,50,70,5.45
Cyprus,2004,74.1,90,70,55.1666666666667,81.4,56.2,77.5,85,65.5642857142857,84.6,79.4,50,70,4.325
Denmark,2004,72.4,90,95,76.6333333333333,33.6,8.3,96.2666666666667,100,93.2857142857143,85.1,79.8,70,90,3.4
Estonia,2004,77.4,70,56,80.9,83.8,55.5,99.8,85,53.2,82.1,84.2,90,90,7.2
Finland,2004,73.4,90,97,82.2,57.5,25,81.6,85,47.5642857142857,86,79.8,70,70,3.5
France,2004,60.9,70,63,70.5,44.3,14.5,60.9,70,50.9928571428571,86.4,79.8,70,50,4.2
Germany,2004,69.5,90,73,77.6333333333333,56.4,29.4,90.8333333333333,70,45.5,87.1,79.8,90,50,4.4
Greece,2004,59.1,50,42,54.8666666666667,58.4,53.2,69.2,70,53.0571428571429,78.1,79.8,50,50,5.9
Iceland,2004,72.1,90,94,69.3,58.7,37.9,93.8666666666667,85,62.3285714285714,85.2,78.2,70,50,3.4
Ireland,2004,80.3,90,69,75.2333333333333,71.8,66.3,76.7,85,77.75,81.1,79.8,90,90,4.9
Italy,2004,64.2,70,52,55.3666666666667,49.7,31.7,68.8,70,58.6428571428572,84.8,79.8,70,70,5.6
Latvia,2004,67.4,50,37,55.6666666666667,82.2,62.2,95.7333333333333,70,64.3285714285714,85.8,79.8,70,70,7.05
Lithuania,2004,72.4,50,48,63.4333333333333,82.8,70.6,95.8666666666667,70,59.6,90.1,80.2,70,90,6.3
Luxembourg,2004,78.9,90,90,75.7666666666667,58.9,41.4,98.9666666666667,85,44.6642857142857,85.3,79.8,90,90,3.9
Malta,2004,63.3,90,50,58.7,63.1,11.5,89.8666666666667,85,59,84.6,65.4,50,70,4.025
Netherlands,2004,74.5,90,90,72.9,45.2,32.3,88.1666666666667,70,62.4357142857143,83.2,79.8,90,90,3.95
Norway,2004,66.2,90,85,83.5,50.8,31.7,97.8333333333333,70,48.2571428571429,86.3,81.8,50,50,3.6
Poland,2004,58.7,50,40,52.8666666666667,64.9,35.1,81.3333333333333,70,61.0571428571428,78.1,70.4,50,70,5.65
Portugal,2004,64.9,70,63,67.7666666666667,62.3,36.2,49.3,70,39.4285714285714,82.9,79.8,70,50,7
Romania,2004,50,30,26,56.7,69.9,74.8,90.4333333333333,55,61.4214285714286,56.8,57.6,30,50,6.925
Slovakia,2004,64.6,50,37,38,68.5,42.4,85,70,65.3071428571429,80.8,72.8,70,90,3.725
Slovenia,2004,59.2,50,60,53.1,54.4,40.6,51.6666666666667,85,47.2285714285714,77.3,65.2,50,50,3.375
Spain,2004,68.9,70,71,55.7666666666667,52.9,52.7,38.0333333333333,70,51.7,83.6,79.8,70,70,5.2
Sweden,2004,70.1,90,93,84.8,32,0,95.3666666666667,70,57.1571428571429,85.8,79.8,90,90,3.3
Switzerland,2004,79.5,90,85,80.5666666666667,80.6,55.8,96,70,79.7642857142857,89.4,85,70,90,4.725
Turkey,2004,52.8,50,32,52.2666666666667,60.8,56.9,93.8333333333333,55,44.0571428571429,46.1,74.2,50,50,10.05
United Kingdom,2004,77.7,90,87,90.9,61.2,50.1,54.1666666666667,85,75.1357142857143,86.6,79.8,70,90,5.55
Austria,2003,67.6,90,78,78,45.3,18.6,82.1,70,74.8642857142857,85.1,81.4,70,70,4.1
Belgium,2003,68.1,90,66,66.8,33.7,26.8,69.2,70,67.5714285714286,85.2,81.4,90,70,4.3
Bulgaria,2003,57,50,39,41.1,72.4,56.7,93.1666666666667,55,77.2,77.5,62.4,50,50,6.125
Croatia,2003,53.3,30,39,52.0666666666667,77.6,28.6,65.7666666666667,55,43.2071428571429,76.3,72.8,50,50,5.45
Cyprus,2003,73.3,90,70,55.1666666666667,70.7,59.8,77.5,85,65.5642857142857,85,79.4,50,70,4.325
Denmark,2003,73.2,90,95,76.6333333333333,32.6,9.9,96.2666666666667,100,93.2857142857143,89.9,81.4,70,90,3.6
Estonia,2003,77.7,70,56,80.9,80.4,58.3,99.8,85,53.2,85.7,84.2,90,90,6.025
Finland,2003,73.7,90,99,82.2,54.9,28,81.6,85,47.5642857142857,84.7,81.4,70,70,3.6
France,2003,59.2,70,67,70.5,41.3,15.7,60.9,70,50.9928571428571,87,81.4,50,50,4.025
Germany,2003,69.7,90,74,77.6333333333333,55.7,30,90.8333333333333,70,45.5,86.6,81.4,90,50,4.4
Greece,2003,58.8,50,42,54.8666666666667,57.2,50.3,69.2,70,53.0571428571429,78.5,81.4,50,50,6.4
Iceland,2003,73.5,90,92,69.3,69,43,93.8666666666667,85,62.3285714285714,84.7,77.8,70,50,3.625
Ireland,2003,80.9,90,75,75.2333333333333,69.4,66.3,76.7,85,77.75,81.2,81.4,90,90,4.9
Italy,2003,64.3,70,55,55.3666666666667,48,29.4,68.8,70,58.6428571428572,84.7,81.4,70,70,5.5
Latvia,2003,66,50,34,55.6666666666667,78.3,58,95.7333333333333,70,64.3285714285714,84.9,78.6,70,70,7.05
Lithuania,2003,69.7,50,48,63.4333333333333,78.8,71.5,95.8666666666667,70,59.6,88.1,80.4,70,70,6.3
Luxembourg,2003,79.9,90,87,75.7666666666667,59.8,51.5,98.9666666666667,85,44.6642857142857,84.7,81.4,90,90,4.1
Malta,2003,61.1,90,30,58.7,63.5,36.8,89.8666666666667,85,59,79.8,65,50,50,4.025
Netherlands,2003,74.6,90,88,72.9,44.1,35.4,88.1666666666667,70,62.4357142857143,82.8,81.4,90,90,3.95
Norway,2003,67.2,90,86,83.5,50.9,41.4,97.8333333333333,70,48.2571428571429,84.1,82.8,50,50,3.8
Poland,2003,61.8,70,41,52.8666666666667,65.6,46.1,81.3333333333333,70,61.0571428571428,73.5,70.2,50,70,5.65
Portugal,2003,64.9,70,63,67.7666666666667,61.8,35.7,49.3,70,39.4285714285714,82.6,81.4,70,50,6.8
Romania,2003,50.6,30,28,56.7,69.1,62.4,90.4333333333333,55,61.4214285714286,50.8,60.2,50,50,6.925
Slovakia,2003,59,50,37,38,67.5,22.3,85,70,65.3071428571429,71.3,72.8,70,70,3.725
Slovenia,2003,57.7,50,52,53.1,53.1,40.6,51.6666666666667,85,47.2285714285714,76.7,62.2,50,50,3.375
Spain,2003,68.8,70,70,55.7666666666667,52.6,52.2,38.0333333333333,70,51.7,83.3,81.4,70,70,5.425
Sweden,2003,70,90,90,84.8,29.8,2.9,95.3666666666667,70,57.1571428571429,86.4,81.4,90,90,3.375
Switzerland,2003,79,90,84,80.5666666666667,80.4,55.3,96,70,79.7642857142857,88.3,83,70,90,4.725
Turkey,2003,51.9,50,36,52.2666666666667,64.6,45,93.8333333333333,55,44.0571428571429,42.9,73.6,50,50,10.05
United Kingdom,2003,77.5,90,83,90.9,60.9,51,54.1666666666667,85,75.1357142857143,85.9,81.4,70,90,5.55
Austria,2002,67.4,90,77,78,44.5,18.9,82.1,70,74.8642857142857,86.4,79.6,70,70,3.85
Belgium,2002,67.6,90,61,66.8,33.7,28,69.2,70,67.5714285714286,86,79.6,90,70,4.1
Bulgaria,2002,57.1,50,35,41.1,68.3,49.6,93.1666666666667,55,77.2,75.8,60.2,70,50,3.8
Croatia,2002,51.1,30,37,52.0666666666667,68.3,25,65.7666666666667,55,43.2071428571429,75.7,68.8,50,50,5.45
Cyprus,2002,73,90,70,55.1666666666667,71.2,58.9,77.5,85,65.5642857142857,83.5,78.8,50,70,4.325
Denmark,2002,71.1,90,98,76.6333333333333,32.2,5.9,96.2666666666667,85,93.2857142857143,89.6,79.6,70,90,3.475
Estonia,2002,77.6,70,57,80.9,80,54.4,99.8,85,53.2,87,85,90,90,6.1
Finland,2002,73.6,90,100,82.2,55.6,28,81.6,85,47.5642857142857,84.6,79.6,70,70,3.7
France,2002,58,70,67,70.5,37.2,15.7,60.9,70,50.9928571428571,82.7,79.6,50,50,3.9
Germany,2002,70.4,90,76,77.6333333333333,53.3,36.5,90.8333333333333,70,45.5,88,79.6,90,50,4.4
Greece,2002,59.1,50,49,54.8666666666667,50.1,54.4,69.2,70,53.0571428571429,78.7,79.6,50,50,6.05
Iceland,2002,73.1,90,91,69.3,63.1,44.5,93.8666666666667,85,62.3285714285714,81.7,82.2,70,50,3.625
Ireland,2002,80.5,90,72,75.2333333333333,66.5,69.3,76.7,85,77.75,81.8,79.6,90,90,4.925
Italy,2002,63.6,70,46,55.3666666666667,48,33.7,68.8,70,58.6428571428572,85.5,79.6,70,70,5.5
Latvia,2002,65,50,34,55.6666666666667,76.8,49.6,95.7333333333333,70,64.3285714285714,84.4,80,70,70,7.05
Lithuania,2002,66.1,50,41,63.4333333333333,74.1,69.3,95.8666666666667,70,59.6,87.7,82.8,70,50,6.3
Luxembourg,2002,79.4,90,86,75.7666666666667,56.8,52,98.9666666666667,85,44.6642857142857,85.2,79.6,90,90,4.025
Malta,2002,62.2,90,30,58.7,64.6,30.9,89.8666666666667,70,59,79.1,75.4,50,70,4.025
Netherlands,2002,75.1,90,89,72.9,43.6,39.3,88.1666666666667,70,62.4357142857143,84.6,79.6,90,90,4
Norway,2002,67.4,90,91,83.5,51.1,41.9,97.8333333333333,70,48.2571428571429,79.3,82.8,50,50,3.2
Poland,2002,65,70,41,52.8666666666667,65.3,49.6,81.3333333333333,70,61.0571428571428,70.4,78.8,70,70,5.65
Portugal,2002,65.4,70,64,67.7666666666667,60.8,39.3,49.3,70,39.4285714285714,84.7,79.6,70,50,7.3
Romania,2002,48.7,30,29,56.7,64.4,58.9,90.4333333333333,55,61.4214285714286,46.6,74.4,50,30,4.7
Slovakia,2002,59.8,50,35,38,61.1,33.7,85,70,65.3071428571429,68.8,79.8,70,70,3.725
Slovenia,2002,57.8,50,55,53.1,51.8,41.9,51.6666666666667,85,47.2285714285714,72,64.2,50,50,3.1
Spain,2002,68.8,70,70,55.7666666666667,53.1,52,38.0333333333333,70,51.7,84.1,79.6,70,70,5.1
Sweden,2002,70.8,90,94,84.8,31.4,2.5,95.3666666666667,70,57.1571428571429,89.7,79.6,90,90,3.3
Switzerland,2002,79.3,90,86,80.5666666666667,80,56.7,96,70,79.7642857142857,88.1,83,70,90,4.725
Turkey,2002,54.2,50,38,52.2666666666667,65.2,58.9,93.8333333333333,55,44.0571428571429,41,79.6,50,50,10.8
United Kingdom,2002,78.5,90,87,90.9,61.5,58.9,54.1666666666667,85,75.1357142857143,84.7,79.6,70,90,5.5
Austria,2001,68.1,90,76,78,44.2,25,82.1,70,74.8642857142857,89.6,78,70,70,3.5
Belgium,2001,63.8,90,53,66.8,33.2,22,69.2,70,67.5714285714286,88.3,78,70,70,4
Bulgaria,2001,51.9,50,33,41.1,58.1,67.3,93.1666666666667,55,77.2,26.2,57.2,70,50,3.8
Croatia,2001,50.7,30,27,52.0666666666667,66.9,33.7,65.7666666666667,55,43.2071428571429,71.7,71.6,50,50,5.45
Cyprus,2001,71,90,50,55.1666666666667,71.4,58.9,77.5,85,65.5642857142857,86.2,77,50,70,4.325
Denmark,2001,68.3,90,100,76.6333333333333,31.6,0,96.2666666666667,85,93.2857142857143,90.3,78,70,70,3
Estonia,2001,76.1,70,57,80.9,79.6,67.3,99.8,85,53.2,80.6,85,90,70,6.1
Finland,2001,69.7,90,98,82.2,55.6,28,81.6,70,47.5642857142857,87.9,78,70,50,3.7
France,2001,58,70,66,70.5,33.9,18.9,60.9,70,50.9928571428571,85,78,50,50,3.9
Germany,2001,69.5,90,80,77.6333333333333,44.7,33.7,90.8333333333333,70,45.5,89.4,78,90,50,3.6
Greece,2001,63.4,70,49,54.8666666666667,50.9,54.4,69.2,70,53.0571428571429,78.3,78,70,50,5.7
Iceland,2001,73.4,90,92,69.3,62.9,58.9,93.8666666666667,70,62.3285714285714,84.6,82.4,70,50,3.625
Ireland,2001,81.2,90,77,75.2333333333333,63,71.2,76.7,85,77.75,86.6,78,90,90,4.5
Italy,2001,63,70,47,55.3666666666667,47.1,28,68.8,70,58.6428571428572,86.5,78,70,70,4.8
Latvia,2001,66.4,50,34,55.6666666666667,75.5,65.3,95.7333333333333,70,64.3285714285714,83.2,80,70,70,7.05
Lithuania,2001,65.5,50,38,63.4333333333333,71,73,95.8666666666667,70,59.6,84.8,82.8,70,50,4.9
Luxembourg,2001,80.1,90,88,75.7666666666667,52.5,58.9,98.9666666666667,85,44.6642857142857,88.6,78,90,90,3.8
Malta,2001,62.9,90,30,58.7,65.7,41.9,89.8666666666667,70,59,74.5,73.6,50,70,4.025
Netherlands,2001,73,90,90,72.9,38.4,25,88.1666666666667,70,62.4357142857143,85.7,78,90,90,4
Norway,2001,67.1,90,89,83.5,56.7,36.5,97.8333333333333,70,48.2571428571429,80.3,81,50,50,3.5
Poland,2001,61.8,70,42,52.8666666666667,61.3,44.5,81.3333333333333,70,61.0571428571428,70.9,77.6,70,50,4.7
Portugal,2001,66,70,67,67.7666666666667,61.6,41.9,49.3,70,39.4285714285714,85.2,78,70,50,6.5
Romania,2001,50,30,33,56.7,57.6,79.7,90.4333333333333,55,61.4214285714286,41.4,73.4,50,30,4.6
Slovakia,2001,58.5,50,37,38,59.3,39.3,85,70,65.3071428571429,70.8,80.2,70,50,3.725
Slovenia,2001,61.8,70,60,53.1,52.8,47.1,51.6666666666667,85,47.2285714285714,73.6,67.4,50,50,3.1
Spain,2001,68.1,70,66,55.7666666666667,53.8,54.4,38.0333333333333,70,51.7,80.7,78,70,70,5.5
Sweden,2001,66.6,90,94,84.8,33.7,2.5,95.3666666666667,70,57.1571428571429,91.4,78,70,70,3.4
Switzerland,2001,76,90,89,80.5666666666667,80.1,22,96,70,79.7642857142857,90.2,83,70,90,4.725
Turkey,2001,60.6,70,36,52.2666666666667,66.9,73,93.8333333333333,70,44.0571428571429,36.4,73,70,50,10.175
United Kingdom,2001,77.6,90,86,90.9,61.7,52,54.1666666666667,85,75.1357142857143,85.7,78,70,90,5.4
Austria,2000,68.4,90,75,78,44.2,25,82.1,70,74.8642857142857,88.4,83,70,70,3.4
Belgium,2000,63.5,90,54,66.8,33.1,18.9,69.2,70,67.5714285714286,87.9,77.8,70,70,4.3
Bulgaria,2000,47.3,50,29,41.1,67.9,54.4,93.1666666666667,55,77.2,0,49.8,70,50,3.7
Croatia,2000,53.6,30,50,52.0666666666667,68.9,41.9,65.7666666666667,55,43.2071428571429,70,67,50,50,5.45
Cyprus,2000,67.2,70,50,55.1666666666667,71.7,54.4,77.5,85,65.5642857142857,79.8,74.4,50,70,4.325
Denmark,2000,68.3,90,100,76.6333333333333,30.5,0,96.2666666666667,85,93.2857142857143,91.1,77.8,70,70,3.375
Estonia,2000,69.9,70,57,80.9,72.5,25,99.8,85,53.2,74.9,85,90,70,6.3
Finland,2000,64.3,90,96,82.2,37.2,0,81.6,70,47.5642857142857,87.8,78,70,50,3.3
France,2000,57.4,70,67,70.5,35.1,12.5,60.9,70,50.9928571428571,83.9,77.8,50,50,4.2
Germany,2000,65.7,90,79,77.6333333333333,38.6,28,90.8333333333333,70,45.5,88.1,78,70,50,3.5
Greece,2000,61,70,49,54.8666666666667,52.2,54.4,69.2,70,53.0571428571429,75.5,77.8,70,30,5.8
Iceland,2000,74,90,93,69.3,64.8,58.9,93.8666666666667,70,62.3285714285714,86.6,82.4,70,50,3.625
Ireland,2000,76.1,90,82,75.2333333333333,60.6,63.3,76.7,85,77.75,85.8,78,70,70,4.7
Italy,2000,61.9,70,46,55.3666666666667,45.6,22,68.8,70,58.6428571428572,85.7,77.8,70,70,4.8
Latvia,2000,63.4,50,27,55.6666666666667,76.8,47.1,95.7333333333333,70,64.3285714285714,78.5,81,70,70,5.5
Lithuania,2000,61.9,50,30,63.4333333333333,70.5,63.3,95.8666666666667,70,59.6,72.3,81,70,50,5
Luxembourg,2000,76.4,90,87,75.7666666666667,51.3,67.3,98.9666666666667,85,44.6642857142857,88.3,79,70,70,3.7
Malta,2000,58.3,70,30,58.7,64.1,36.5,89.8666666666667,70,59,72.9,61,70,50,4.6
Netherlands,2000,70.4,90,90,72.9,36.9,28,88.1666666666667,70,62.4357142857143,80.9,77.8,70,90,4.1
Norway,2000,70.1,90,90,83.5,57.3,41.9,97.8333333333333,70,48.2571428571429,80.4,81,70,50,3.3
Poland,2000,60,70,46,52.8666666666667,58.1,33.7,81.3333333333333,70,61.0571428571428,66.9,74.8,70,50,4.7
Portugal,2000,65.5,70,65,67.7666666666667,60.4,41.9,49.3,70,39.4285714285714,84.8,77.8,70,50,6.4
Romania,2000,52.1,30,30,56.7,58.3,63.3,90.4333333333333,55,61.4214285714286,38.1,74,70,50,4.5
Slovakia,2000,53.8,50,39,38,54.8,25,85,70,65.3071428571429,73.9,71.2,50,50,3.725
Slovenia,2000,58.3,70,50,53.1,52.9,36.5,51.6666666666667,70,47.2285714285714,71.9,73.6,50,50,3.2
Spain,2000,65.9,70,61,55.7666666666667,45.8,47.1,38.0333333333333,70,51.7,81,77.8,70,70,5.4
Sweden,2000,65.1,70,95,84.8,34.1,0,95.3666666666667,70,57.1571428571429,94.2,83,70,70,3.325
Switzerland,2000,76.8,90,89,80.5666666666667,80.7,28,96,70,79.7642857142857,92.2,81,70,90,4.725
Turkey,2000,63.4,70,34,52.2666666666667,67.2,82.7,93.8333333333333,70,44.0571428571429,31.8,75,70,70,10.175
United Kingdom,2000,77.3,90,87,90.9,62.5,49.6,54.1666666666667,85,75.1357142857143,83.6,77.8,70,90,5.2
